{"_runtime": 5032.038120621, "train_loss": 2.30426025390625, "action_accuracy": 0.4196428656578064, "l1_loss": 0.10350140056022408, "_timestamp": 1767875304.633438, "_step": 5000}